address,cluster_id,chains
0xdac65d9157fa73a5f6ccabb69528930dabd1454b,1,ethereum|base
7bYZQKZCzhYHYsLTAMhuVHry5D2HX4XF7HhPtJhGYEkY,1,solana
0xe575ff507bbde43aa48315312365253304dfbe63,1,ethereum|base
0xeb7ebb79ca2cbdce88bb00adb3ca61e13ea95fe3,1,ethereum|base
C2F2oSr5koEeRg7XspS4Fudv2UkfGjHttNv1oLhooEh8,1,solana
4nzGA4j6SBjxgSPS2LvRkatM6ZszPUojphPQvrtsiRc5,1,solana
0x6b9d8238cc4001190190b3f1359f2d92286dcde7,1,ethereum|base
0xf42f1c75be9f251cb7c14684be0045df7f61417a,1,ethereum|base
0xa5a19e03b838b1ba624dfcaa99ae526b06e06a2a,1,ethereum|base
0x98f2105f92a12885eab8ec144653eb215062d9e1,1,ethereum|base
0xa1c9d41719c4ffd99463f1cfa579d9b6a96b50c6,2,ethereum|base
0x08f83e8860912f8c8186461ea00db5f6030c70f6,2,ethereum|base
0x3fcf39eca3a6277f9d7c4aa6764c89e325135da8,2,ethereum|base
0x733246bcee1d39f3cae699a1f1cffc97d67d2e57,3,ethereum|base
0x8c5d71cb2dd70eb5cd284faef49159d200eef1d6,3,ethereum|base
0x4e9a093edaf611ce37af3761e112216c4fb47da6,3,ethereum|base
0xd4a8f63d3626d23b6ec760b1256cecef88213589,3,ethereum|base
0x399d4e22eac6f594ed04350be4de0e9159939be5,3,ethereum|base
0x7be1536484cb556e47503189f964621c6d86c19e,3,ethereum|base
0x93f8e02c6cf992e262069d5f5bb9b80033a5ce77,3,ethereum|base
0x7930cd1c47e10a49b07e10913a14411060c7a5a0,3,ethereum|base
0xaace1ae8c87c0881c2fe6707274dab0e109d388d,3,ethereum|base
0x6e8b25878f6f32a8763e2244e0056233d91cd05c,3,ethereum|base
0x060f6529e7da2d0d95bd5626b0084069659fad07,3,ethereum|base
0x512e3eb472d53df71db0252cb8dccd25cd05e9e9,3,ethereum|base
0x2d5bc78268514e928ffba1e3ea3d8e7275113809,3,ethereum|base
0x08850708d269ca28bec25d683af3fe5ec5a50417,3,ethereum|base
0xdf448fa84e2d982ba95955ccc46795cb1e6a8a23,3,ethereum|base
0x39c3492e9171872eac6a99d9c0b6dbae5d4ae959,4,ethereum|base
0xa08fc2039614e5d33217f5535f30cd03891c884d,4,ethereum|base
0x6f7a6151781f9feac839a7c1d69fc029d654ffc5,4,ethereum|base
0x9823c9d53c188150ef06e8f1a5d9bacf56ed3642,4,ethereum|base
0x08c8315549f059ab63e95d0c70770582e2fa80cb,4,ethereum|base
sKco3wGagFJ4V1GUdnMEadnvC392XhAXkw3jBfH1HxG,4,solana
9UaWXa4gCMza8FYFVXHe3NApoiCCia29r4CQ125S6G4b,4,solana
0xaabdf7aa6830da9e6d3ed00aeb82ae401233ea49,5,ethereum|base
0x9b8d146ab4b61c281b993e3f85066249a6e9b0db,5,ethereum|base
JBEkiMyzReAGbL5NnNaXFeSEFzbbJJNbCZsg3Gy6Qijn,5,solana
0x3612dc0373179c8b79f9cbabf996e9d4d9b36835,5,ethereum|base
